ConflictId,Location,CumulativeIntensity,StartDate2,EpEndDate,lat,lon
1-1,Bolivia,1,6/30/1946,7/21/1946,-16.713055,-64.6666489
1-1,Bolivia,1,4/9/1952,4/12/1952,-16.713055,-64.6666489
1-1,Bolivia,1,3/31/1967,10/16/1967,-16.713055,-64.6666489
1-10,Philippines,1,7/31/1946,12/31/1954,11.112666,122.5094757
1-10,Philippines,1,9/30/1969,12/13/1995,11.112666,122.5094757
1-10,Philippines,1,11/23/1997,12/22/1997,11.112666,122.5094757
1-10,Philippines,1,6/6/1999,NULL,11.112666,122.5094757
1-100,Nigeria,0,1/15/1966,7/29/1966,9.5595055,8.077880859
1-100,Nigeria,0,7/26/2009,7/30/2009,9.5595055,8.077880859
1-100,Nigeria,0,3/1/2011,NULL,9.5595055,8.077880859
1-100,Nigeria,1,3/1/2011,NULL,9.5595055,8.077880859
1-101,South Africa,0,12/31/1966,NULL,-29.046185,25.06287956
1-101,South Africa,1,12/31/1966,8/8/1988,-29.046185,25.06287956
1-102,Syria,0,2/23/1966,2/23/1966,35.033127,38.4734726
1-102,Syria,0,2/23/1966,2/23/1966,35.033127,38.4734726
1-102,Syria,0,6/16/1979,NULL,35.033127,38.4734726
1-102,Syria,0,6/16/1979,NULL,35.033127,38.4734726
1-102,Syria,1,6/16/1979,2/2/1982,35.033127,38.4734726
1-102,Syria,1,6/16/1979,2/2/1982,35.033127,38.4734726
1-102,Syria,1,10/1/2011,NULL,35.033127,38.4734726
1-102,Syria,1,10/1/2011,NULL,35.033127,38.4734726
1-103,Cambodia (Kampuchea),1,5/31/1967,4/17/1975,12.570423,104.8139114
1-103,Cambodia (Kampuchea),1,12/30/1978,10/26/1998,12.570423,104.8139114
1-104,"Egypt, Israel",1,6/5/1967,6/10/1967,26.756104,29.86229706
1-104,"Egypt, Israel",1,3/6/1969,8/7/1970,26.756104,29.86229706
1-104,"Egypt, Israel",1,10/6/1973,10/24/1973,26.756104,29.86229706
1-105,"Israel, Jordan",1,6/5/1967,6/10/1967,31.814194,34.75337219
1-106,"Israel, Syria",1,6/5/1967,6/10/1967,31.814194,34.75337219
1-106,"Israel, Syria",1,10/6/1973,10/24/1973,31.814194,34.75337219
1-107,Nigeria,1,7/6/1967,1/12/1970,9.5595055,8.077880859
1-108,"China, Myanmar (Burma)",0,2/28/1969,12/31/1969,36.553085,103.9754333
1-109,"China, Russia (Soviet Union)",0,3/2/1969,12/31/1969,36.553085,103.9754333
1-11,Russia (Soviet Union),1,12/31/1946,12/31/1948,63.125187,103.7539825
1-110,"El Salvador, Honduras",1,7/3/1969,7/18/1969,13.671637,-88.8636322
1-111,Guinea,0,9/17/2000,7/19/2001,10.429302,-10.9895496
1-112,Philippines,0,8/20/1970,NULL,11.112666,122.5094757
1-112,Philippines,1,8/20/1970,12/31/1990,11.112666,122.5094757
1-112,Philippines,1,2/9/1993,NULL,11.112666,122.5094757
1-113,Sudan,0,7/22/1971,7/22/1971,16.085785,30.0873909
1-113,Sudan,0,7/2/1976,7/2/1976,16.085785,30.0873909
1-113,Sudan,1,5/17/1983,NULL,16.085785,30.0873909
1-114,Madagascar (Malagasy),0,4/30/1971,4/30/1971,-19.272394,46.69843292
1-115,Morocco,0,7/10/1971,7/11/1971,29.140591,-8.95338821
1-116,Pakistan,1,3/26/1971,12/16/1971,29.92322,69.35774231
1-117,Sri Lanka,1,4/30/1971,6/9/1971,7.7891335,80.6807251
1-117,Sri Lanka,1,2/13/1989,2/23/1990,7.7891335,80.6807251
1-118,Uganda,0,1/29/1971,9/20/1972,1.277328,32.38998413
1-118,Uganda,0,3/23/1974,3/23/1974,1.277328,32.38998413
1-118,Uganda,1,1/22/1979,8/9/1992,1.277328,32.38998413
1-118,Uganda,1,2/21/1994,11/3/2011,1.277328,32.38998413
1-118,Uganda,1,6/24/2013,NULL,1.277328,32.38998413
1-119,United Kingdom,0,8/31/1971,NULL,54.560886,-2.21251178
1-119,United Kingdom,1,8/31/1971,11/26/1991,54.560886,-2.21251178
1-119,United Kingdom,1,8/15/1998,8/15/1998,54.560886,-2.21251178
1-12,Russia (Soviet Union),0,12/31/1946,12/31/1946,63.125187,103.7539825
1-120,El Salvador,0,3/25/1972,3/25/1972,13.671637,-88.8636322
1-120,El Salvador,0,9/14/1979,NULL,13.671637,-88.8636322
1-120,El Salvador,1,9/14/1979,12/31/1991,13.671637,-88.8636322
1-121,Oman,0,12/31/1969,12/11/1975,20.566622,56.1579628
1-122,Zimbabwe (Rhodesia),0,9/5/1967,12/31/1968,-19.00028,29.86876106
1-122,Zimbabwe (Rhodesia),0,4/4/1973,NULL,-19.00028,29.86876106
1-122,Zimbabwe (Rhodesia),1,4/4/1973,12/21/1979,-19.00028,29.86876106
1-123,Uruguay,0,4/30/1972,12/31/1972,-32.969654,-56.0559082
1-124,"South Yemen, Yemen (North Yemen)",0,2/21/1972,10/19/1972,12.7989,45.03310013
1-124,"South Yemen, Yemen (North Yemen)",0,3/31/1979,3/30/1979,12.7989,45.03310013
1-125,Chile,0,9/11/1973,9/11/1973,-35.786228,-71.674675
1-126,Bangladesh,0,2/28/1975,NULL,23.730104,90.30652618
1-126,Bangladesh,1,2/28/1975,12/31/1991,23.730104,90.30652618
1-127,"Cyprus, Turkey",1,6/20/1974,8/16/1974,35.114738,33.48671722
1-128,"Iran, Iraq",0,2/10/1974,12/31/1974,32.500778,54.2942009
1-128,"Iran, Iraq",1,9/23/1980,8/20/1988,32.500778,54.2942009
1-129,Pakistan,1,12/31/1974,7/5/1977,29.92322,69.35774231
1-129,Pakistan,1,8/1/2004,12/25/2004,29.92322,69.35774231
1-129,Pakistan,1,3/26/2006,10/20/2009,29.92322,69.35774231
1-129,Pakistan,1,7/5/2011,NULL,29.92322,69.35774231
1-13,Russia (Soviet Union),1,6/30/1946,12/31/1948,63.125187,103.7539825
1-130,Eritrea,0,6/30/1997,6/30/1997,15.3972,39.08718872
1-130,Eritrea,0,4/4/1999,11/29/1999,15.3972,39.08718872
1-130,Eritrea,0,7/17/2003,8/9/2003,15.3972,39.08718872
1-131,Angola,1,11/11/1975,12/24/1995,-12.333555,17.53946495
1-131,Angola,1,5/2/1998,4/1/2002,-12.333555,17.53946495
1-132,"Cambodia (Kampuchea), Vietnam (North Vietnam)",0,12/31/1975,12/31/1977,12.570423,104.8139114
1-133,Ethiopia,0,1/11/1964,12/31/1964,8.6267033,39.63755417
1-133,Ethiopia,0,10/31/1976,NULL,8.6267033,39.63755417
1-133,Ethiopia,1,10/31/1976,12/31/1983,8.6267033,39.63755417
1-133,Ethiopia,1,10/13/1993,8/27/1994,8.6267033,39.63755417
1-133,Ethiopia,1,8/9/1996,12/31/1996,8.6267033,39.63755417
1-133,Ethiopia,1,12/31/1998,NULL,8.6267033,39.63755417
1-134,Indonesia,1,12/7/1975,12/31/1989,-1.2480891,115.4189987
1-134,Indonesia,1,12/15/1992,12/31/1992,-1.2480891,115.4189987
1-134,Indonesia,1,5/31/1997,12/31/1998,-1.2480891,115.4189987
1-135,Morocco,0,11/4/1975,NULL,29.140591,-8.95338821
1-135,Morocco,1,11/4/1975,11/16/1989,29.140591,-8.95338821
1-136,Mozambique,0,12/31/1977,NULL,-17.555864,35.95569229
1-136,Mozambique,1,12/31/1977,10/19/1992,-17.555864,35.95569229
1-136,Mozambique,1,11/5/2013,NULL,-17.555864,35.95569229
1-137,Afghanistan,1,4/27/1978,12/7/2001,33.833248,66.02528381
1-137,Afghanistan,1,6/4/2003,NULL,33.833248,66.02528381
1-138,"China, Vietnam (North Vietnam)",0,1/20/1974,12/31/1974,36.553085,103.9754333
1-138,"China, Vietnam (North Vietnam)",0,12/31/1978,NULL,36.553085,103.9754333
1-138,"China, Vietnam (North Vietnam)",1,12/31/1978,12/31/1981,36.553085,103.9754333
1-138,"China, Vietnam (North Vietnam)",1,12/31/1983,12/31/1984,36.553085,103.9754333
1-138,"China, Vietnam (North Vietnam)",1,12/31/1986,12/31/1988,36.553085,103.9754333
1-139,India,0,12/31/1979,8/12/1988,23.406012,79.45809174
1-139,India,0,10/12/1992,8/23/1993,23.406012,79.45809174
1-139,India,0,10/31/1995,12/31/1995,23.406012,79.45809174
1-139,India,0,6/10/1997,12/31/2004,23.406012,79.45809174
1-139,India,0,11/7/2006,12/31/2006,23.406012,79.45809174
1-14,Russia (Soviet Union),1,12/31/1946,12/31/1950,63.125187,103.7539825
1-140,Nicaragua,0,10/10/1977,NULL,12.903773,-84.9218216
1-140,Nicaragua,1,10/10/1977,7/19/1979,12.903773,-84.9218216
1-140,Nicaragua,1,4/17/1982,4/19/1990,12.903773,-84.9218216
1-141,Somalia,0,12/31/1982,12/31/1984,5.9482675,47.47360611
1-141,Somalia,0,3/3/1986,NULL,5.9482675,47.47360611
1-141,Somalia,1,3/3/1986,12/20/1996,5.9482675,47.47360611
1-141,Somalia,1,5/12/2001,10/28/2002,5.9482675,47.47360611
1-141,Somalia,1,10/24/2006,NULL,5.9482675,47.47360611
1-143,Iran,0,12/31/1979,NULL,32.500778,54.2942009
1-143,Iran,1,12/31/1979,12/31/1982,32.500778,54.2942009
1-143,Iran,1,12/31/1986,12/31/1988,32.500778,54.2942009
1-143,Iran,1,4/3/1991,12/31/1993,32.500778,54.2942009
1-143,Iran,1,2/18/1997,12/31/1997,32.500778,54.2942009
1-143,Iran,1,11/25/1999,12/31/2001,32.500778,54.2942009
1-143,Iran,1,8/7/2005,12/27/2011,32.500778,54.2942009
1-144,Iran,0,5/31/1979,12/31/1980,32.500778,54.2942009
1-145,Saudi Arabia,0,11/20/1979,12/4/1979,23.994726,44.40135574
1-146,Liberia,0,4/12/1980,4/14/1980,6.4115129,-9.32349205
1-146,Liberia,0,12/26/1989,12/31/1990,6.4115129,-9.32349205
1-146,Liberia,0,5/31/2000,NULL,6.4115129,-9.32349205
1-146,Liberia,1,5/31/2000,11/21/2003,6.4115129,-9.32349205
1-147,Spain,0,10/22/1978,12/29/1982,40.396027,-3.55069256
1-147,Spain,0,12/23/1985,12/31/1987,40.396027,-3.55069256
1-147,Spain,0,6/28/1991,12/13/1991,40.396027,-3.55069256
1-148,Tunisia,0,1/28/1980,1/28/1980,34.335285,9.245259285
1-149,Gambia,0,7/30/1981,8/5/1981,13.440266,-15.4908848
1-15,"France, Thailand",0,5/7/1946,11/17/1946,46.63728,2.33826232
1-150,South Africa,0,8/7/1981,12/31/1983,-29.046185,25.06287956
1-150,South Africa,0,6/26/1985,12/31/1988,-29.046185,25.06287956
1-151,"Argentina, United Kingdom",0,5/2/1982,6/14/1982,-37.071964,-64.8545074
1-152,India,0,7/31/1982,12/31/1988,23.406012,79.45809174
1-152,India,0,12/31/1992,12/31/2000,23.406012,79.45809174
1-152,India,0,10/23/2003,12/24/2009,23.406012,79.45809174
1-153,Kenya,0,8/1/1982,8/21/1982,0.5765032,37.83988953
1-154,"Chad, Nigeria",0,4/24/1983,11/1/1983,15.367653,18.66758156
1-155,"Grenada, United States of America",0,10/25/1983,10/27/1983,12.178866,-61.6469307
1-156,India,0,12/31/1983,NULL,23.406012,79.45809174
1-156,India,1,12/31/1983,12/31/1993,23.406012,79.45809174
1-157,Sri Lanka,0,9/1/1984,NULL,7.7891335,80.6807251
1-157,Sri Lanka,1,9/1/1984,12/12/2001,7.7891335,80.6807251
1-157,Sri Lanka,1,6/14/2003,8/9/2003,7.7891335,80.6807251
1-157,Sri Lanka,1,12/2/2005,7/4/2009,7.7891335,80.6807251
1-158,Cameroon,1,1/31/1960,12/31/1961,5.6854768,12.7228775
1-158,Cameroon,1,4/6/1984,4/9/1984,5.6854768,12.7228775
1-159,Turkey,0,8/15/1984,NULL,39.05101,34.93033981
1-159,Turkey,1,8/15/1984,NULL,39.05101,34.93033981
1-16,"Albania, United Kingdom",0,10/22/1946,12/31/1946,41.111134,20.02745247
1-160,"Burkina Faso, Mali",0,12/26/1985,12/31/1985,12.284986,-1.74556065
1-161,"Laos, Thailand",0,12/31/1986,2/17/1988,18.650749,104.1529388
1-162,Suriname,0,10/12/1987,12/31/1987,4.216929,-55.8892174
1-163,Togo,0,9/23/1986,9/24/1986,8.5132265,0.980097532
1-164,South Yemen,1,1/13/1986,1/20/1986,12.7989,45.03310013
1-165,Burkina Faso,0,10/15/1987,10/15/1987,12.284986,-1.74556065
1-166,"Chad, Libya",1,8/8/1987,9/12/1987,15.367653,18.66758156
1-167,Comoros,0,11/29/1989,11/29/1989,-11.866102,43.43264008
1-168,Ethiopia,0,6/30/1975,12/31/1976,8.6267033,39.63755417
1-168,Ethiopia,0,12/31/1996,12/31/1996,8.6267033,39.63755417
1-169,India,0,12/11/1989,NULL,23.406012,79.45809174
1-169,India,1,12/11/1989,NULL,23.406012,79.45809174
1-17,Vietnam (North Vietnam),1,11/20/1946,7/20/1954,16.94043,106.8164291
1-170,India,0,12/31/1990,12/31/1991,23.406012,79.45809174
1-170,India,0,12/31/1994,10/16/2010,23.406012,79.45809174
1-171,Indonesia,0,6/6/1990,12/31/1991,-1.2480891,115.4189987
1-171,Indonesia,0,6/19/1999,NULL,-1.2480891,115.4189987
1-171,Indonesia,1,6/19/1999,10/12/2005,-1.2480891,115.4189987
1-172,Panama,0,10/3/1989,10/3/1989,8.6462479,-80.506073
1-173,"Panama, United States of America",0,12/20/1989,12/31/1989,8.6462479,-80.506073
1-174,Papua New Guinea,0,2/7/1990,10/1/1990,-6.8891597,146.214447
1-174,Papua New Guinea,0,8/2/1992,11/28/1996,-6.8891597,146.214447
1-175,Rumania,0,12/22/1989,12/23/1989,45.837742,25.00593567
1-176,"Iraq, Kuwait",1,8/2/1990,3/2/1991,33.044586,43.77495575
1-177,Mali,0,7/21/1990,9/4/1990,17.357767,-3.5273819
1-177,Mali,0,10/4/1994,12/18/1994,17.357767,-3.5273819
1-177,Mali,0,8/31/2007,1/22/2009,17.357767,-3.5273819
1-177,Mali,0,1/24/2012,3/31/2012,17.357767,-3.5273819
1-178,Niger,0,5/16/1994,9/26/1994,17.424074,9.400633812
1-179,Rwanda,1,10/3/1990,7/4/1994,-1.9999498,29.92605782
1-179,Rwanda,1,7/12/1996,3/1/2002,-1.9999498,29.92605782
1-179,Rwanda,1,2/16/2009,12/2/2012,-1.9999498,29.92605782
1-18,China,1,2/28/1947,3/24/1947,36.553085,103.9754333
1-180,Senegal,0,8/31/1990,12/31/1990,14.362512,-14.5316439
1-180,Senegal,0,9/1/1992,11/16/1993,14.362512,-14.5316439
1-180,Senegal,0,4/27/1995,12/1/1995,14.362512,-14.5316439
1-180,Senegal,0,3/18/1997,NULL,14.362512,-14.5316439
1-180,Senegal,1,3/18/1997,11/2/1998,14.362512,-14.5316439
1-180,Senegal,1,4/11/2000,12/7/2001,14.362512,-14.5316439
1-180,Senegal,1,1/20/2003,10/11/2003,14.362512,-14.5316439
1-180,Senegal,1,12/20/2011,12/30/2011,14.362512,-14.5316439
1-181,Russia (Soviet Union),0,8/22/1990,12/21/1991,63.125187,103.7539825
1-182,Russia (Soviet Union),0,1/19/1990,1/20/1990,63.125187,103.7539825
1-183,Trinidad and Tobago,0,7/30/1990,8/1/1990,10.68574,-61.1640625
1-184,Djibouti,0,11/13/1991,3/4/1994,11.742592,42.63182831
1-184,Djibouti,0,7/24/1999,8/31/1999,11.742592,42.63182831
1-185,Georgia,0,12/28/1991,12/31/1993,32.648323,-83.4445343
1-186,Haiti,0,4/8/1989,4/11/1989,19.073242,-72.2412796
1-186,Haiti,0,10/2/1991,10/2/1991,19.073242,-72.2412796
1-186,Haiti,0,2/9/2004,12/31/2004,19.073242,-72.2412796
1-187,Sierra Leone,0,4/1/1991,NULL,8.5214415,-11.8438902
1-187,Sierra Leone,1,4/1/1991,12/20/2001,8.5214415,-11.8438902
1-188,Turkey,0,7/13/1991,12/31/1992,39.05101,34.93033981
1-188,Turkey,0,6/18/2005,10/17/2005,39.05101,34.93033981
1-189,Serbia (Yugoslavia),0,6/28/1991,7/12/1991,44.232971,20.79795837
1-19,Hyderabadh,1,6/30/1947,9/18/1948,17.411409,78.48477936
1-190,Serbia (Yugoslavia),1,7/27/1991,12/31/1991,44.232971,20.79795837
1-191,Algeria,0,12/9/1991,NULL,28.213646,2.654728174
1-191,Algeria,1,12/9/1991,NULL,28.213646,2.654728174
1-192,Angola,0,6/3/1991,11/10/1991,-12.333555,17.53946495
1-192,Angola,0,12/31/1994,12/31/1994,-12.333555,17.53946495
1-192,Angola,0,5/22/1996,12/31/1998,-12.333555,17.53946495
1-192,Angola,0,11/12/2002,12/31/2002,-12.333555,17.53946495
1-192,Angola,0,2/10/2004,4/24/2004,-12.333555,17.53946495
1-192,Angola,0,12/31/2007,12/31/2007,-12.333555,17.53946495
1-192,Angola,0,12/31/2009,12/31/2009,-12.333555,17.53946495
1-193,Azerbaijan,0,12/30/1991,NULL,40.331005,47.80820084
1-193,Azerbaijan,1,12/30/1991,7/27/1994,40.331005,47.80820084
1-193,Azerbaijan,1,10/9/2005,12/5/2005,40.331005,47.80820084
1-193,Azerbaijan,1,9/11/2012,12/31/2012,40.331005,47.80820084
1-194,Bosnia-Herzegovina,1,4/30/1992,11/21/1995,44.165333,17.79024124
1-195,Croatia,0,5/17/1992,12/23/1993,45.444305,15.73450375
1-195,Croatia,1,5/1/1995,11/12/1995,45.444305,15.73450375
1-196,Egypt,0,3/10/1993,11/2/1998,26.756104,29.86229706
1-197,Georgia,0,8/18/1992,NULL,32.648323,-83.4445343
1-197,Georgia,1,8/18/1992,12/1/1993,32.648323,-83.4445343
1-198,Georgia,0,6/8/1992,7/14/1992,32.648323,-83.4445343
1-198,Georgia,0,8/19/2004,8/19/2004,32.648323,-83.4445343
1-198,Georgia,0,8/8/2008,8/14/2008,32.648323,-83.4445343
1-199,Moldova,0,3/17/1992,7/21/1992,47.203705,28.46834373
1-2,Cambodia (Kampuchea),0,8/31/1946,11/9/1953,12.570423,104.8139114
1-20,"India, Pakistan",1,12/31/1948,12/31/1948,23.406012,79.45809174
1-20,"India, Pakistan",1,12/31/1964,12/15/1965,23.406012,79.45809174
1-20,"India, Pakistan",1,12/3/1971,12/17/1971,23.406012,79.45809174
1-20,"India, Pakistan",1,12/31/1984,12/31/1984,23.406012,79.45809174
1-20,"India, Pakistan",1,12/31/1987,12/31/1987,23.406012,79.45809174
1-20,"India, Pakistan",1,12/31/1989,12/31/1992,23.406012,79.45809174
1-20,"India, Pakistan",1,12/31/1996,11/26/2003,23.406012,79.45809174
1-200,Tajikistan,1,5/10/1992,11/16/1998,38.879765,70.89906311
1-200,Tajikistan,1,9/6/2000,9/6/2000,38.879765,70.89906311
1-200,Tajikistan,1,9/9/2010,7/25/2011,38.879765,70.89906311
1-201,Azerbaijan,0,6/6/1993,6/18/1993,40.331005,47.80820084
1-201,Azerbaijan,0,3/17/1995,3/17/1995,40.331005,47.80820084
1-202,Bosnia-Herzegovina,0,10/5/1993,8/7/1995,44.165333,17.79024124
1-203,Bosnia-Herzegovina,1,1/15/1993,3/1/1994,44.165333,17.79024124
1-204,Russia (Soviet Union),0,10/3/1993,10/4/1993,63.125187,103.7539825
1-205,Mexico,0,1/1/1994,1/12/1994,23.909094,-102.6334
1-205,Mexico,0,9/16/1996,12/31/1996,23.909094,-102.6334
1-206,Russia (Soviet Union),0,11/26/1994,NULL,63.125187,103.7539825
1-206,Russia (Soviet Union),1,11/26/1994,8/31/1996,63.125187,103.7539825
1-206,Russia (Soviet Union),1,7/18/1999,10/7/2007,63.125187,103.7539825
1-207,Yemen (North Yemen),1,4/28/1994,7/4/1994,15.888388,47.48988724
1-208,"Ecuador, Peru",0,1/30/1995,2/17/1995,-1.4215289,-78.8710403
1-209,Pakistan,0,2/11/1990,2/11/1990,29.92322,69.35774231
1-209,Pakistan,0,5/3/1994,9/4/1996,29.92322,69.35774231
1-209,Pakistan,0,7/15/2007,NULL,29.92322,69.35774231
1-209,Pakistan,1,7/15/2007,NULL,29.92322,69.35774231
1-21,Madagascar (Malagasy),1,3/29/1947,12/31/1947,-19.272394,46.69843292
1-210,"Cameroon, Nigeria",0,5/7/1996,5/7/1996,5.6854768,12.7228775
1-212,Niger,0,7/10/1995,7/10/1995,17.424074,9.400633812
1-213,Comoros,0,9/5/1997,9/5/1997,-11.866102,43.43264008
1-214,Congo,0,11/11/1993,12/27/1993,-2.8798661,23.65637779
1-214,Congo,1,6/6/1997,12/31/1999,-2.8798661,23.65637779
1-214,Congo,1,4/10/2002,12/31/2002,-2.8798661,23.65637779
1-215,"Eritrea, Ethiopia",1,5/31/1998,6/18/2000,15.3972,39.08718872
1-216,Guinea-Bissau,0,6/7/1998,5/7/1999,12.115863,-14.7481365
1-217,Lesotho,0,9/22/1998,9/28/1998,-29.581753,28.24661255
1-218,Serbia (Yugoslavia),1,3/6/1998,6/30/1999,44.232971,20.79795837
1-219,Ethiopia,0,12/31/1977,12/31/1978,8.6267033,39.63755417
1-219,Ethiopia,0,12/31/1980,NULL,8.6267033,39.63755417
1-219,Ethiopia,1,12/31/1980,12/31/1981,8.6267033,39.63755417
1-219,Ethiopia,1,7/31/1983,6/30/1992,8.6267033,39.63755417
1-219,Ethiopia,1,12/31/1994,12/31/1995,8.6267033,39.63755417
1-219,Ethiopia,1,12/31/1998,NULL,8.6267033,39.63755417
1-22,Paraguay,1,3/31/1947,8/21/1947,-23.24029,-58.3951721
1-22,Paraguay,1,5/5/1954,5/5/1954,-23.24029,-58.3951721
1-22,Paraguay,1,2/3/1989,2/3/1989,-23.24029,-58.3951721
1-220,Russia (Soviet Union),0,9/2/1999,9/24/1999,63.125187,103.7539825
1-221,Uzbekistan,0,3/30/1999,10/1/2000,41.772392,63.14588928
1-221,Uzbekistan,0,3/30/2004,7/30/2004,41.772392,63.14588928
1-222,Central African Republic,0,6/1/2001,12/19/2002,6.5741234,20.48692322
1-222,Central African Republic,0,11/28/2006,12/1/2006,6.5741234,20.48692322
1-222,Central African Republic,0,12/7/2009,NULL,6.5741234,20.48692322
1-223,"Macedonia, FYR",0,5/31/2001,8/13/2001,41.600456,21.70089531
1-224,United States of America,1,9/11/2001,NULL,39.443256,-98.9573364
1-225,Ivory Coast,0,9/20/2002,11/9/2004,7.5987554,-5.55257463
1-225,Ivory Coast,0,3/13/2011,4/27/2011,7.5987554,-5.55257463
1-226,"Australia, Iraq, United Kingdom, United States of America",1,3/22/2003,4/9/2003,-25.585241,134.5041199
1-227,India,0,10/10/1989,12/31/1990,23.406012,79.45809174
1-227,India,0,12/31/1993,10/15/2004,23.406012,79.45809174
1-227,India,0,6/12/2009,11/8/2010,23.406012,79.45809174
1-227,India,0,12/11/2013,NULL,23.406012,79.45809174
1-228,Myanmar (Burma),0,3/16/1997,7/15/1997,20.330143,96.52182007
1-23,Myanmar (Burma),1,1/15/1949,11/22/1992,20.330143,96.52182007
1-23,Myanmar (Burma),1,12/31/1994,7/13/1995,20.330143,96.52182007
1-23,Myanmar (Burma),1,2/23/1997,7/14/1998,20.330143,96.52182007
1-23,Myanmar (Burma),1,3/3/2000,12/31/2011,20.330143,96.52182007
1-23,Myanmar (Burma),1,4/29/2013,NULL,20.330143,96.52182007
1-24,Myanmar (Burma),1,2/29/1948,12/31/1988,20.330143,96.52182007
1-24,Myanmar (Burma),1,12/31/1990,12/31/1992,20.330143,96.52182007
1-24,Myanmar (Burma),1,12/31/1994,12/31/1994,20.330143,96.52182007
1-248,Thailand,0,10/27/2003,NULL,14.484582,100.8519135
1-248,Thailand,1,10/27/2003,NULL,14.484582,100.8519135
1-249,Nigeria,0,9/23/2004,10/8/2004,9.5595055,8.077880859
1-25,Myanmar (Burma),0,1/31/1948,11/15/1961,20.330143,96.52182007
1-25,Myanmar (Burma),0,12/31/1964,12/31/1978,20.330143,96.52182007
1-25,Myanmar (Burma),0,12/29/1991,12/29/1991,20.330143,96.52182007
1-25,Myanmar (Burma),0,5/15/1994,6/23/1994,20.330143,96.52182007
1-250,Nigeria,0,6/4/2004,9/20/2004,9.5595055,8.077880859
1-251,Israel,0,7/10/1990,12/31/1999,31.814194,34.75337219
1-251,Israel,1,7/13/2006,8/14/2006,31.814194,34.75337219
1-252,"Tanzania, Uganda",0,11/15/1978,11/16/1978,-6.3068972,34.85392761
1-253,Mauritania,0,12/19/1975,NULL,20.258995,-10.3644371
1-253,Mauritania,1,12/19/1975,12/31/1978,20.258995,-10.3644371
1-254,DR Congo (Zaire),0,2/1/2007,3/31/2008,-2.8798661,23.65637779
1-255,Niger,0,12/31/1991,12/18/1992,17.424074,9.400633812
1-255,Niger,0,10/19/1997,11/28/1997,17.424074,9.400633812
1-255,Niger,0,4/30/2007,11/16/2008,17.424074,9.400633812
1-256,"Afghanistan, Russia (Soviet Union)",0,12/27/1979,12/28/1979,33.833248,66.02528381
1-257,Russia (Soviet Union),0,11/28/2007,NULL,63.125187,103.7539825
1-257,Russia (Soviet Union),1,11/28/2007,NULL,63.125187,103.7539825
1-259,India,0,11/9/2008,12/31/2008,23.406012,79.45809174
1-26,Myanmar (Burma),0,2/28/1949,12/31/1963,20.330143,96.52182007
1-26,Myanmar (Burma),0,2/13/1990,3/22/1990,20.330143,96.52182007
1-26,Myanmar (Burma),0,12/23/1996,12/23/1996,20.330143,96.52182007
1-260,"Djibouti, Eritrea",0,6/11/2008,6/11/2008,11.742592,42.63182831
1-261,Ethiopia,0,12/31/1977,12/31/1980,8.6267033,39.63755417
1-262,Ethiopia,0,3/31/1983,12/31/1983,8.6267033,39.63755417
1-263,India,0,5/12/1997,12/5/1997,23.406012,79.45809174
1-264,Myanmar (Burma),0,8/29/2009,8/29/2009,20.330143,96.52182007
1-265,Myanmar (Burma),0,2/28/1973,12/31/1982,20.330143,96.52182007
1-267,Mauritania,0,9/18/2010,10/20/2011,20.258995,-10.3644371
1-268,Ethiopia,0,10/10/1991,10/10/1991,8.6267033,39.63755417
1-269,Sudan,0,5/19/2011,6/15/2011,16.085785,30.0873909
1-27,Costa Rica,1,3/3/1948,4/20/1948,9.8849916,-84.2272339
1-270,South Sudan,0,8/20/2011,NULL,7.3038583,30.28075218
1-270,South Sudan,1,8/20/2011,NULL,7.3038583,30.28075218
1-271,Libya,1,3/4/2011,11/23/2011,27.236097,18.04355621
1-272,India,0,11/15/2012,12/21/2012,23.406012,79.45809174
1-273,China,0,8/10/2008,8/29/2008,36.553085,103.9754333
1-274,Mali,0,6/16/2009,7/16/2009,17.357767,-3.5273819
1-274,Mali,0,1/24/2012,NULL,17.357767,-3.5273819
1-274,Mali,1,1/24/2012,NULL,17.357767,-3.5273819
1-275,Bangladesh,0,3/13/2005,12/22/2006,23.730104,90.30652618
1-276,"South Sudan, Sudan",0,3/27/2012,12/26/2012,7.3038583,30.28075218
1-277,Myanmar (Burma),0,2/28/2000,5/18/2001,20.330143,96.52182007
1-277,Myanmar (Burma),0,1/31/2005,2/15/2007,20.330143,96.52182007
1-278,Malaysia,0,3/2/2013,NULL,2.5490005,102.962616
1-28,"Hyderabadh, India",1,9/13/1948,9/18/1948,17.411409,78.48477936
1-29,India,1,9/18/1948,12/31/1951,23.406012,79.45809174
1-29,India,1,12/31/1969,12/31/1971,23.406012,79.45809174
1-29,India,1,12/31/1990,12/31/1994,23.406012,79.45809174
1-29,India,1,4/3/1996,NULL,23.406012,79.45809174
1-3,China,1,12/31/1946,12/8/1949,36.553085,103.9754333
1-30,"Egypt, Iraq, Israel, Jordan, Lebanon, Syria",1,4/15/1948,1/7/1949,26.756104,29.86229706
1-31,Malaysia,0,6/19/1948,NULL,2.5490005,102.962616
1-31,Malaysia,1,6/19/1948,8/31/1957,2.5490005,102.962616
1-33,Yemen (North Yemen),1,3/15/1948,3/15/1948,15.888388,47.48988724
1-33,Yemen (North Yemen),1,10/31/1962,5/23/1970,15.888388,47.48988724
1-33,Yemen (North Yemen),1,3/31/1979,5/31/1982,15.888388,47.48988724
1-33,Yemen (North Yemen),1,12/17/2009,NULL,15.888388,47.48988724
1-34,Myanmar (Burma),0,12/31/1949,NULL,20.330143,96.52182007
1-34,Myanmar (Burma),1,12/31/1949,5/5/1950,20.330143,96.52182007
1-34,Myanmar (Burma),1,2/28/1961,12/31/1992,20.330143,96.52182007
1-34,Myanmar (Burma),1,6/27/2011,NULL,20.330143,96.52182007
1-35,"China, Taiwan",1,10/31/1949,12/31/1950,36.553085,103.9754333
1-35,"China, Taiwan",1,12/31/1954,12/31/1954,36.553085,103.9754333
1-35,"China, Taiwan",1,12/31/1958,12/31/1958,36.553085,103.9754333
1-36,Guatemala,0,7/18/1949,7/19/1949,15.670566,-90.3486557
1-36,Guatemala,0,6/18/1954,6/27/1954,15.670566,-90.3486557
1-36,Guatemala,0,7/31/1963,12/31/1963,15.670566,-90.3486557
1-36,Guatemala,0,12/31/1965,NULL,15.670566,-90.3486557
1-36,Guatemala,1,12/31/1965,12/31/1995,15.670566,-90.3486557
1-37,Israel,0,12/31/1949,NULL,31.814194,34.75337219
1-37,Israel,1,12/31/1949,12/31/1996,31.814194,34.75337219
1-37,Israel,1,11/1/2000,12/31/2012,31.814194,34.75337219
1-38,"North Korea, South Korea",0,5/31/1949,NULL,40.077641,127.1338501
1-38,"North Korea, South Korea",1,5/31/1949,7/27/1953,40.077641,127.1338501
1-39,China,0,10/7/1950,10/9/1950,36.553085,103.9754333
1-39,China,1,5/31/1956,12/31/1956,36.553085,103.9754333
1-39,China,1,3/10/1959,4/23/1959,36.553085,103.9754333
1-4,Greece,1,3/31/1946,10/16/1949,39.684372,21.89740944
1-40,Indonesia,1,8/5/1950,11/15/1950,-1.2480891,115.4189987
1-41,United States of America,0,10/30/1950,11/1/1950,39.443256,-98.9573364
1-42,"Egypt, United Kingdom",0,10/18/1951,12/31/1952,26.756104,29.86229706
1-43,Thailand,0,6/30/1951,7/1/1951,14.484582,100.8519135
1-43,Thailand,1,10/31/1974,12/31/1982,14.484582,100.8519135
1-44,Kenya,0,10/22/1952,NULL,0.5765032,37.83988953
1-44,Kenya,1,10/22/1952,12/31/1956,0.5765032,37.83988953
1-45,Cuba,0,7/26/1953,7/27/1953,22.066336,-79.4531479
1-45,Cuba,0,12/5/1956,NULL,22.066336,-79.4531479
1-45,Cuba,1,12/5/1956,12/31/1958,22.066336,-79.4531479
1-45,Cuba,1,4/17/1961,4/20/1961,22.066336,-79.4531479
1-46,Indonesia,1,12/31/1953,12/31/1953,-1.2480891,115.4189987
1-46,Indonesia,1,4/17/1958,12/31/1961,-1.2480891,115.4189987
1-47,Morocco,0,11/7/1953,3/2/1956,29.140591,-8.95338821
1-48,Tunisia,0,4/30/1953,3/20/1956,34.335285,9.245259285
1-49,Algeria,0,11/29/1954,NULL,28.213646,2.654728174
1-49,Algeria,1,11/29/1954,3/19/1962,28.213646,2.654728174
1-5,Indonesia,0,12/31/1946,8/15/1949,-1.2480891,115.4189987
1-50,Argentina,0,6/16/1955,9/19/1955,-37.071964,-64.8545074
1-50,Argentina,0,4/2/1963,9/22/1963,-37.071964,-64.8545074
1-50,Argentina,0,8/11/1974,NULL,-37.071964,-64.8545074
1-50,Argentina,1,8/11/1974,12/31/1977,-37.071964,-64.8545074
1-51,Cyprus,0,6/2/1955,2/19/1959,35.114738,33.48671722
1-52,South Vietnam,1,4/30/1955,12/31/1964,14.058324,108.277199
1-53,"Hungary, Russia (Soviet Union)",1,10/23/1956,11/14/1956,47.165733,19.41657448
1-54,India,0,12/31/1956,NULL,23.406012,79.45809174
1-54,India,1,12/31/1956,12/31/1959,23.406012,79.45809174
1-54,India,1,12/31/1961,6/15/1968,23.406012,79.45809174
1-54,India,1,8/5/1992,8/1/1997,23.406012,79.45809174
1-54,India,1,8/2/2000,12/31/2000,23.406012,79.45809174
1-55,"Egypt, France, Israel, United Kingdom",1,11/30/1956,11/6/1956,26.756104,29.86229706
1-56,Myanmar (Burma),0,12/31/1957,12/31/1957,20.330143,96.52182007
1-56,Myanmar (Burma),0,12/31/1987,12/31/1987,20.330143,96.52182007
1-56,Myanmar (Burma),0,9/22/1992,11/6/1992,20.330143,96.52182007
1-56,Myanmar (Burma),0,3/6/1996,10/6/1996,20.330143,96.52182007
1-56,Myanmar (Burma),0,1/16/2005,1/25/2005,20.330143,96.52182007
1-57,Cameroon,0,9/30/1957,12/31/1959,5.6854768,12.7228775
1-58,"Honduras, Nicaragua",0,5/1/1957,5/7/1957,14.975033,-86.2647705
1-59,"Mauritania, Morocco",0,1/12/1957,6/30/1958,20.258995,-10.3644371
1-6,Iran,0,5/31/1946,12/16/1946,32.500778,54.2942009
1-6,Iran,1,12/31/1966,12/31/1968,32.500778,54.2942009
1-6,Iran,1,12/31/1979,12/31/1988,32.500778,54.2942009
1-6,Iran,1,7/6/1990,12/31/1990,32.500778,54.2942009
1-6,Iran,1,9/12/1993,12/31/1993,32.500778,54.2942009
1-6,Iran,1,7/28/1996,12/31/1996,32.500778,54.2942009
1-60,"Mauritania, Morocco",0,11/23/1957,6/30/1958,20.258995,-10.3644371
1-61,Oman,0,7/31/1957,8/26/1957,20.566622,56.1579628
1-62,Iraq,0,7/14/1958,3/10/1959,33.044586,43.77495575
1-62,Iraq,1,2/8/1963,11/20/1963,33.044586,43.77495575
1-62,Iraq,1,8/1/1982,12/31/1984,33.044586,43.77495575
1-62,Iraq,1,12/31/1987,12/31/1987,33.044586,43.77495575
1-62,Iraq,1,12/31/1991,12/31/1996,33.044586,43.77495575
1-62,Iraq,1,4/4/2004,NULL,33.044586,43.77495575
1-63,Lebanon,1,5/15/1958,7/31/1958,33.925411,35.89972687
1-63,Lebanon,1,9/9/1975,10/21/1976,33.925411,35.89972687
1-63,Lebanon,1,9/1/1982,12/31/1986,33.925411,35.89972687
1-63,Lebanon,1,3/14/1989,10/13/1990,33.925411,35.89972687
1-64,Malaysia,0,12/31/1958,7/31/1960,2.5490005,102.962616
1-64,Malaysia,0,1/15/1974,12/31/1975,2.5490005,102.962616
1-64,Malaysia,0,12/31/1981,12/31/1981,2.5490005,102.962616
1-65,Laos,1,11/12/1959,4/26/1961,18.650749,104.1529388
1-65,Laos,1,12/31/1963,9/14/1973,18.650749,104.1529388
1-65,Laos,1,8/25/1989,4/10/1990,18.650749,104.1529388
1-66,Angola,1,2/4/1961,10/21/1974,-12.333555,17.53946495
1-67,Myanmar (Burma),0,11/22/1959,NULL,20.330143,96.52182007
1-67,Myanmar (Burma),1,11/22/1959,12/31/1970,20.330143,96.52182007
1-67,Myanmar (Burma),1,12/31/1972,12/31/1973,20.330143,96.52182007
1-67,Myanmar (Burma),1,8/31/1976,12/31/1988,20.330143,96.52182007
1-67,Myanmar (Burma),1,7/16/1993,9/24/2002,20.330143,96.52182007
1-67,Myanmar (Burma),1,12/27/2005,9/11/2011,20.330143,96.52182007
1-67,Myanmar (Burma),1,2/22/2013,NULL,20.330143,96.52182007
1-68,DR Congo (Zaire),0,11/12/1961,12/28/1962,-2.8798661,23.65637779
1-68,DR Congo (Zaire),0,3/18/2013,NULL,-2.8798661,23.65637779
1-69,DR Congo (Zaire),0,8/31/1960,12/31/1962,-2.8798661,23.65637779
1-7,Iran,0,12/16/1946,12/16/1946,32.500778,54.2942009
1-70,Ethiopia,0,12/17/1960,12/17/1960,8.6267033,39.63755417
1-70,Ethiopia,1,6/2/1976,6/2/1991,8.6267033,39.63755417
1-71,"Ethiopia, Somalia",0,2/13/1964,3/30/1964,8.6267033,39.63755417
1-71,"Ethiopia, Somalia",1,7/13/1977,3/23/1978,8.6267033,39.63755417
1-71,"Ethiopia, Somalia",1,5/31/1980,12/3/1980,8.6267033,39.63755417
1-72,Nepal,0,2/29/1960,12/31/1962,28.259138,83.94416046
1-72,Nepal,0,8/23/1996,NULL,28.259138,83.94416046
1-72,Nepal,1,8/23/1996,9/21/2006,28.259138,83.94416046
1-73,France,1,4/22/1961,6/30/1962,46.63728,2.33826232
1-74,Iraq,1,12/31/1961,3/11/1970,33.044586,43.77495575
1-74,Iraq,1,7/31/1973,12/31/1992,33.044586,43.77495575
1-74,Iraq,1,3/14/1995,11/30/1996,33.044586,43.77495575
1-75,"France, Tunisia",1,7/20/1961,7/22/1961,46.63728,2.33826232
1-76,Brunei,0,12/8/1962,12/31/1962,4.570384,114.7481842
1-77,"China, India",1,11/21/1962,11/21/1962,36.553085,103.9754333
1-77,"China, India",1,1/31/1967,12/31/1967,36.553085,103.9754333
1-78,Ethiopia,0,3/15/1964,NULL,8.6267033,39.63755417
1-78,Ethiopia,1,3/15/1964,5/31/1991,8.6267033,39.63755417
1-79,"Indonesia, Netherlands",0,1/15/1962,9/21/1962,-1.2480891,115.4189987
1-8,Israel,0,12/31/1946,12/31/1946,31.814194,34.75337219
1-80,Venezuela,0,6/3/1962,12/31/1962,7.6653886,-66.1454163
1-80,Venezuela,0,4/30/1982,10/4/1982,7.6653886,-66.1454163
1-80,Venezuela,0,2/4/1992,11/29/1992,7.6653886,-66.1454163
1-81,"Algeria, Morocco",0,10/8/1963,11/4/1963,28.213646,2.654728174
1-82,Guinea-Bissau,0,2/28/1963,NULL,12.115863,-14.7481365
1-82,Guinea-Bissau,1,2/28/1963,12/31/1973,12.115863,-14.7481365
1-83,Malaysia,0,12/31/1963,12/31/1966,2.5490005,102.962616
1-84,"Indonesia, Malaysia",0,12/31/1963,8/11/1966,-1.2480891,115.4189987
1-85,Sudan,1,12/31/1963,1/31/1972,16.085785,30.0873909
1-86,DR Congo (Zaire),1,1/31/1964,12/31/1965,-2.8798661,23.65637779
1-86,DR Congo (Zaire),1,7/5/1967,11/5/1967,-2.8798661,23.65637779
1-86,DR Congo (Zaire),1,4/30/1977,6/15/1978,-2.8798661,23.65637779
1-86,DR Congo (Zaire),1,10/19/1996,9/29/2001,-2.8798661,23.65637779
1-86,DR Congo (Zaire),1,11/28/2006,10/29/2008,-2.8798661,23.65637779
1-86,DR Congo (Zaire),1,6/6/2012,NULL,-2.8798661,23.65637779
1-87,Gabon,0,2/18/1964,2/19/1964,-0.6345401,11.73860836
1-88,Mozambique,0,11/19/1964,NULL,-17.555864,35.95569229
1-88,Mozambique,1,11/19/1964,9/7/1974,-17.555864,35.95569229
1-89,South Yemen,0,11/25/1964,11/29/1967,12.7989,45.03310013
1-9,Laos,0,3/31/1946,NULL,18.650749,104.1529388
1-9,Laos,1,3/31/1946,12/31/1953,18.650749,104.1529388
1-90,Burundi,0,10/19/1965,10/19/1965,-3.3652081,29.88650894
1-90,Burundi,0,11/27/1991,4/14/1992,-3.3652081,29.88650894
1-90,Burundi,0,10/18/1994,NULL,-3.3652081,29.88650894
1-90,Burundi,1,10/18/1994,9/26/2006,-3.3652081,29.88650894
1-90,Burundi,1,3/1/2008,8/22/2008,-3.3652081,29.88650894
1-91,Chad,0,7/31/1966,NULL,15.367653,18.66758156
1-91,Chad,1,7/31/1966,11/24/1972,15.367653,18.66758156
1-91,Chad,1,2/18/1976,12/31/1984,15.367653,18.66758156
1-91,Chad,1,12/31/1986,11/22/1987,15.367653,18.66758156
1-91,Chad,1,3/3/1989,12/31/1994,15.367653,18.66758156
1-91,Chad,1,10/30/1997,12/14/2003,15.367653,18.66758156
1-91,Chad,1,12/18/2005,4/28/2010,15.367653,18.66758156
1-92,Colombia,0,12/31/1964,NULL,3.9976072,-73.2779694
1-92,Colombia,1,12/31/1964,NULL,3.9976072,-73.2779694
1-93,Dominican Republic,0,4/24/1965,8/31/1965,19.019825,-70.7928543
1-94,Indonesia,0,7/28/1965,12/31/1965,-1.2480891,115.4189987
1-94,Indonesia,0,12/31/1967,12/31/1969,-1.2480891,115.4189987
1-94,Indonesia,1,12/31/1976,12/31/1978,-1.2480891,115.4189987
1-94,Indonesia,1,12/31/1981,12/31/1981,-1.2480891,115.4189987
1-94,Indonesia,1,12/31/1984,12/31/1984,-1.2480891,115.4189987
1-95,Peru,0,8/3/1965,12/31/1965,-9.212533,-74.4221191
1-95,Peru,0,8/22/1982,NULL,-9.212533,-74.4221191
1-95,Peru,1,8/22/1982,12/31/1999,-9.212533,-74.4221191
1-95,Peru,1,11/14/2007,NULL,-9.212533,-74.4221191
1-96,"South Vietnam, Vietnam (North Vietnam)",1,12/31/1965,4/30/1975,14.058324,108.277199
1-97,"Cambodia (Kampuchea), Thailand",0,12/31/1977,12/31/1978,12.570423,104.8139114
1-97,"Cambodia (Kampuchea), Thailand",0,4/28/2011,5/2/2011,12.570423,104.8139114
1-98,Ghana,0,2/24/1966,2/24/1966,7.9213305,-1.20438623
1-98,Ghana,0,12/31/1981,12/31/1981,7.9213305,-1.20438623
1-98,Ghana,0,6/19/1983,6/19/1983,7.9213305,-1.20438623
1-99,India,0,9/1/1966,12/31/1968,23.406012,79.45809174
